block,NumSp,2000,2001,2002,2003,2004,2005,2006,2007,2008,2009,2010,2011,2012,2013,2014,2015,2016,2017,2018,2019,2020,2021
R1_b0,1,745.6732999999999,680.33,448.0083000000001,452.5311,318.2816,288.94570000000004,292.19589999999994,156.5288888888889,104.07811111111111,385.1911111111111,195.24666666666667,190.08,145.62,141.40333333333334,163.76666666666665,177.25222222222223,157.31333333333333,148.86333333333334,173.30000000000004,169.01,97.24333333333334,98.88444444444445
R1_b1,1,1062.0004999999999,1037.4599000000003,608.1005,761.2937,454.5105,477.6044,422.74269999999996,244.98666666666668,165.8203333333333,616.558888888889,289.6166666666667,284.9122222222222,209.02444444444447,233.215,290.2344444444444,189.76111111111112,233.86111111111111,253.7466666666667,257.77444444444444,235.2622222222222,208.62444444444444,166.14555555555555
R1_b2,1,905.4196999999998,989.5522000000001,582.3607999999999,1017.6133,386.7465,339.94540000000006,342.0384,252.98999999999998,118.29787499999999,443.56375,193.63125000000002,277.72375,213.38125000000002,222.697875,254.50875000000005,227.08375,267.46375,312.31999999999994,269.4275,219.14375,185.8725,173.50875
R1_b3,1,1114.8067999999998,918.2004000000001,594.4291000000001,560.2561,430.5894,405.0204,283.8351,170.97,122.04111111111109,475.7211111111111,249.18666666666664,287.0344444444444,210.60666666666668,238.05944444444444,244.5388888888889,191.20000000000002,218.0388888888889,218.0377777777778,209.46777777777777,210.12333333333333,193.4077777777778,157.4022222222222
R1_b4,1,957.2697000000001,936.3860000000001,528.0663,654.7855000000001,392.1001,312.40250000000003,327.3496,141.95444444444445,114.54750000000001,492.54625,256.8,268.02,209.60000000000002,223.95,254.1775,163.23125,209.76375,186.05749999999998,229.5575,167.49,171.28624999999997,140.32375000000002
R1_b5,1,762.0065999999999,1070.6952,505.3688,836.1909000000002,342.0946,309.5282,329.38100000000003,157.43222222222224,97.29162500000001,463.055,221.58,195.94000000000003,183.76375,167.79250000000002,206.965,157.01,188.00625,159.66250000000002,192.46125,156.7725,126.7525,123.53999999999999
R1_b6,1,988.4200000000001,702.6084999999999,495.5786,624.1065,362.76390000000004,305.64039999999994,273.4069,208.59444444444443,99.61562499999998,451.25875,197.84625,250.25625000000002,189.69625000000002,199.05624999999998,176.2575,187.7475,220.8375,200.52875,210.33374999999998,202.72500000000002,144.0725,146.8475
R1_b7,1,951.6635999999999,793.1495,527.0323000000001,525.508,389.43860000000006,368.96180000000004,265.3307,160.21499999999997,123.66912499999998,472.765,241.37,266.87249999999995,211.39,234.550625,241.81374999999997,169.2125,219.9875,217.67000000000002,208.35125,195.7225,194.26749999999998,163.3175
R1_b8,1,1133.3002,870.4267,582.7112999999999,822.6831999999998,456.2266000000001,431.6142999999999,425.83869999999996,262.10125,117.9275,647.60625,266.37125000000003,303.25875,203.9925,235.38687499999997,288.7674999999999,191.94375000000002,241.12125,240.39999999999998,277.44124999999997,224.5575,231.41874999999996,188.65375
R1_b9,1,799.6766,741.2375,554.1570999999999,592.1985999999999,391.09709999999995,288.4434,235.02850000000004,156.87000000000003,106.477875,442.74625000000003,217.10250000000002,245.21750000000003,219.39000000000001,252.776625,233.92000000000002,207.15875,249.25625,268.42375,245.84000000000003,202.76999999999998,190.75375,166.3275
R1_b10,1,1100.5901,909.4522000000001,655.0086,784.6198,526.768,464.7025,405.4731,245.51222222222225,137.13588888888887,402.24777777777774,280.2311111111111,343.90444444444444,300.3544444444444,310.74311111111115,318.4211111111111,267.80888888888893,306.2711111111111,366.6144444444444,260.2222222222223,269.5911111111111,208.51333333333332,192.44333333333333
R1_b11,1,1058.6965,825.3749000000001,703.9694999999999,1021.6836000000001,564.0076999999999,452.4073,332.3331,319.8644444444444,117.16055555555555,644.198888888889,196.06666666666666,294.0777777777778,179.61555555555555,230.50444444444443,262.1411111111111,219.71444444444444,341.6466666666667,249.21888888888893,242.7244444444445,205.83,185.37222222222223,184.07111111111112
R1_b12,1,795.4367,779.6779,509.77260000000007,461.1938,414.31360000000006,310.26529999999997,261.6981,156.49999999999997,112.587,271.10555555555555,244.22666666666666,271.7733333333333,248.02333333333334,242.73811111111107,238.80333333333334,215.4733333333333,250.5944444444445,276.90666666666664,191.59111111111113,185.59000000000003,137.11222222222221,141.95333333333335
R1_b13,1,829.5899999999999,864.2788,565.3267000000001,694.3495,466.342,296.7626,246.20530000000002,187.534,119.3261111111111,458.53333333333336,234.41666666666666,262.3533333333333,193.32555555555555,234.92477777777776,208.6977777777778,215.65555555555557,246.96888888888887,240.84111111111108,212.0688888888889,207.76555555555555,173.26333333333332,152.5966666666667
R1_b14,1,836.4263000000001,987.8908000000001,627.6306999999999,1062.8447999999999,396.90299999999996,397.75900000000007,285.43399999999997,193.3975,108.41287500000001,478.15500000000003,230.17999999999998,232.9125,216.17999999999998,235.64875,269.67999999999995,265.37375,325.0325,189.33124999999998,222.58749999999998,198.68,135.30625,134.61875
R1_b15,1,880.7634,791.0966,563.3599999999999,567.9822999999999,411.9683,401.8232,283.8698,163.98700000000002,130.677,353.5375,258.205,336.4925,285.9875,317.29225,327.92999999999995,265.39125,291.23375,365.03875000000005,259.40125,223.44,200.24249999999998,172.165
R1_b16,1,662.5663000000001,806.2587000000001,505.31590000000006,617.6163,396.01250000000005,268.4095,245.7645,201.85777777777778,91.85000000000001,307.4677777777777,184.14333333333332,199.2888888888889,158.52555555555557,141.42777777777778,175.20000000000002,190.28666666666666,164.58555555555554,166.2788888888889,175.6122222222222,177.93555555555557,108.08555555555556,89.97777777777779
R1_b17,1,1179.1232,853.3804,710.6554,833.3751,568.0865000000001,503.89699999999993,510.64250000000004,274.023,132.01111111111112,563.048888888889,267.24555555555554,317.68888888888887,235.25,257.4422222222222,296.89111111111106,247.08444444444447,371.77555555555557,246.29555555555555,275.09333333333336,245.37444444444444,194.49,187.0622222222222
R1_b18,1,681.8599,630.4966999999999,399.1778,431.15749999999997,287.3171,255.49049999999997,196.8627,119.69111111111111,91.17875000000001,294.80875,192.15125,209.97125,201.7025,197.29250000000002,194.51999999999998,176.90375,186.26875,167.3075,181.525,138.72625000000002,112.37375,122.93625
R1_b19,1,618.0334,586.3102,461.25789999999995,388.7151,305.2321999999999,287.05949999999996,211.7774,137.666,87.93725,306.0575,165.63625,175.05,184.06375,194.581625,201.95375000000004,195.3475,206.47875,243.7425,147.52625,153.1875,108.5075,117.57749999999999
R2_b0,2,1625.4303000000002,1533.361,1046.1454999999999,1374.029,871.1888000000001,758.5416,650.5835999999999,403.2833333333333,251.344,1028.8799999999999,568.9380000000001,668.5939999999998,388.358,463.622,610.458,506.996,492.742,489.56000000000006,377.99,369.64799999999997,221.42,301.11
R2_b1,2,1714.5167999999999,1568.5252000000003,982.1292,1288.8178,850.9371000000001,691.0840000000001,666.3205999999999,326.0688888888889,254.70714285714286,891.4457142857143,463.60714285714283,671.1614285714287,415.1528571428571,411.4971428571429,568.2314285714286,440.94714285714286,464.78000000000003,411.3442857142857,346.65285714285716,356.2814285714286,296.5514285714285,204.1714285714286
R2_b2,2,1317.9603000000002,1010.0606000000001,736.2995000000001,631.3095000000001,609.9269,495.34490000000005,412.10150000000004,256.709,175.47833333333332,520.305,295.57500000000005,450.1716666666667,323.48833333333334,366.4750000000001,296.71666666666664,330.61999999999995,320.565,342.12000000000006,261.66499999999996,207.06500000000003,199.50333333333333,209.68333333333337
R2_b3,2,1964.9867,1679.7611000000002,1056.7975000000001,1458.4895000000001,997.6866,717.2250000000001,706.2109,395.6244444444444,268.71625,1015.71,483.85375,690.4512500000001,408.34,427.97,568.3175,428.52,465.955,399.76499999999993,366.37250000000006,364.30000000000007,301.83375,207.4475
R2_b4,2,1476.0164,987.0481,860.4293999999998,717.1982,554.0453,549.9959000000001,494.79580000000004,291.51800000000003,145.53499999999997,540.1825,293.95874999999995,305.58375,312.0275,256.25125,299.09125,348.41,279.7625,306.57750000000004,229.70375,202.47875000000002,165.36624999999998,191.02625
R2_b5,2,1351.2535000000003,1058.8166999999999,690.1092000000001,637.465,653.6719999999999,383.7194,382.3469,255.19400000000002,196.14571428571432,556.1414285714287,285.98,391.5814285714286,267.03285714285715,291.4157142857143,329.18571428571425,275.40142857142854,253.56142857142854,261.1485714285715,205.85,204.29999999999998,193.40285714285713,152.82571428571427
R2_b6,2,1171.6770000000001,934.7949000000001,744.4284999999999,676.7946,613.7825,565.49,430.27790000000005,259.043,136.32500000000002,372.6925,253.235,351.29875,268.96,271.33750000000003,271.8075,292.45625,261.14750000000004,266.2625,246.15875,218.745,173.20625,174.90375
R2_b7,2,1562.7501,1209.0339,933.5808999999999,905.7698999999999,828.417,684.8694,622.4932000000001,344.341,243.3657142857143,788.5614285714286,419.25999999999993,585.6914285714286,385.39285714285717,360.66999999999996,473.48428571428576,369.5128571428571,361.76142857142855,382.3228571428571,319.05428571428575,281.5685714285715,252.85571428571424,212.07857142857142
R2_b8,2,1636.4467,1359.1803,982.2870999999999,827.6222,892.0447,667.3491,565.8614000000001,288.963,185.36555555555555,584.2811111111112,347.8588888888888,467.6966666666666,321.12999999999994,394.6288888888889,377.6233333333333,391.63444444444445,379.57555555555547,335.9811111111111,324.74222222222227,249.00666666666666,203.78666666666666,184.53666666666666
R2_b9,2,1465.1034000000002,1105.7768,854.0825000000001,795.0708999999999,702.9547,508.3805000000001,457.3,333.042,179.79666666666668,603.4033333333333,333.9577777777778,519.6055555555555,325.3233333333334,390.87999999999994,396.71444444444444,361.7766666666667,340.1433333333333,355.25111111111113,275.14,275.55,221.58333333333331,202.9811111111111
R2_b10,2,1605.8098,1224.4884,828.0649000000001,733.771,662.9084,589.7556999999999,551.7612,280.03799999999995,184.02111111111108,680.2766666666666,380.3955555555556,511.78222222222223,354.87111111111113,322.3033333333334,423.61111111111114,363.25,394.56666666666666,346.33444444444444,297.0766666666666,302.55333333333334,248.92333333333332,225.4566666666667
R2_b11,2,1635.0200999999997,1105.0077999999999,986.7774000000002,837.3498999999999,668.9509,631.7138,531.7239,347.97800000000007,188.50125,662.51875,332.73625000000004,476.48,348.20875,317.77250000000004,340.07875,385.14374999999995,389.90999999999997,301.36375,333.24125000000004,270.93,270.43625,207.97500000000002
R2_b12,2,1939.0866999999998,1591.3627000000001,1074.5463,941.7092,929.8206,827.2524,742.9445,353.62399999999997,249.2375,855.51875,462.08750000000003,634.2162500000001,403.74375,400.90500000000003,500.87125,460.59749999999997,481.20875,379.68375,397.74249999999995,359.96250000000003,288.7525,239.755
R2_b13,2,1674.2869999999998,1415.2333000000003,1051.8113,1006.0644,860.4543,809.6155000000001,710.8071,376.783,193.28,805.4866666666666,442.95000000000005,560.92,362.28333333333336,364.0155555555555,461.84333333333336,433.5744444444444,457.64444444444445,379.9944444444444,347.06111111111113,334.09222222222223,245.48555555555555,225.34222222222223
R2_b14,2,1176.2703999999999,890.6995999999999,668.9321,618.5866000000001,602.6027999999999,541.579,461.43379999999996,245.16600000000003,144.0942857142857,471.99285714285713,332.2042857142857,460.4328571428572,321.1628571428572,266.3171428571428,359.6257142857143,367.68,322.69571428571425,313.37857142857143,270.1985714285714,252.88571428571433,234.37714285714287,171.53285714285715
R2_b15,2,1647.8664,1328.3791,876.6754000000001,1177.9019,814.1182999999999,524.4473,532.6844,322.6011111111111,209.06875000000002,571.5224999999999,325.92249999999996,391.6825,336.41374999999994,322.99375,402.45375,356.09375,296.81375,332.67375000000004,256.825,212.64375,220.07500000000002,159.80875
R2_b16,2,1363.0298,1127.3877,848.9394,1138.9883999999997,589.9651,529.3003,487.4533,328.81222222222226,204.34714285714287,585.342857142857,366.69428571428574,467.3314285714286,349.6628571428572,334.9214285714285,383.9728571428572,366.59142857142854,351.9028571428571,335.10428571428565,280.49000000000007,211.15285714285713,214.96428571428575,193.98142857142855
R2_b17,2,1751.0834,1425.7102,1040.0196999999998,1003.9128999999999,844.8552999999999,704.443,630.9401,380.588,174.5742857142857,791.5914285714285,404.57142857142856,488.21714285714285,309.6142857142857,367.08,419.0957142857143,382.28000000000003,408.95,338.25857142857143,323.6771428571429,286.50142857142856,231.40857142857143,219.32142857142858
R2_b18,2,1208.9768,1113.6997999999999,620.5804,689.0937,809.9658999999999,440.7589,447.30160000000006,229.9,194.78714285714287,541.3857142857144,306.7442857142857,336.61285714285714,243.3014285714286,233.30999999999997,305.37285714285724,218.82285714285712,226.71285714285713,259.14142857142855,188.02428571428572,210.23714285714283,171.20857142857145,162.8385714285714
R2_b19,2,1750.1202,1336.1177,900.8665000000001,948.5193999999999,970.3858,662.0647000000001,615.6348,318.95500000000004,207.82222222222222,704.8766666666666,358.7888888888889,488.44444444444446,350.76,277.76777777777784,418.77777777777777,353.79333333333335,311.72888888888883,350.8766666666667,270.96222222222224,265.3855555555556,245.81777777777774,174.56666666666666
R4_b0,4,1458.2871000000002,1255.7692000000002,795.7661999999999,712.9806,703.3771,563.9634,497.8253000000001,302.492,181.7485,656.3990000000001,326.179,461.817,380.827,397.145,447.42800000000005,393.51399999999995,379.454,366.02900000000005,351.611,288.626,274.082,218.44399999999996
R4_b1,4,1792.4564000000003,1598.3568,963.3096000000002,853.9751,869.9469000000001,784.9361999999999,621.4938,386.72400000000005,246.07719999999995,868.7760000000001,442.33299999999997,542.3019999999999,479.7540000000001,484.16400000000004,458.032,450.945,456.396,463.5879999999999,398.67299999999994,338.70500000000004,295.798,241.664
R4_b2,4,2023.9132999999997,1509.2169,1167.3319,1031.0524,909.5940999999999,756.6459,553.6948,354.45099999999996,208.73930000000001,772.0960000000001,398.224,591.613,502.2580000000001,492.322,564.952,463.558,493.08899999999994,435.61400000000003,416.976,319.71700000000004,316.476,239.64799999999997
R4_b3,4,1946.4699,1610.8688,1122.0737,948.5705,1031.086,743.7579000000001,616.9242999999999,361.18699999999995,220.987,805.109,402.35,636.0260000000001,408.56000000000006,511.488,489.305,433.233,496.966,442.7219999999999,418.446,340.459,287.759,245.63600000000002
R4_b4,4,1513.2401999999997,1015.2953,792.1501000000001,650.3650999999998,549.7102,482.76180000000005,428.8407,282.708,168.191,744.0809999999999,393.21899999999994,506.53200000000004,423.6650000000001,408.034,436.037,415.236,354.44800000000004,396.959,336.69899999999996,289.46999999999997,258.823,221.66600000000003
R4_b5,4,1777.7431000000001,1419.3042999999998,1052.1801,990.0559,996.2843999999999,773.6848,647.8776999999999,361.151,257.383,814.381,373.09600000000006,500.09499999999997,449.18,463.5830000000001,445.12299999999993,378.51300000000003,478.9150000000001,412.838,389.48999999999995,315.35600000000005,294.303,219.594
R4_b6,4,2034.5194,1504.5942,1000.1059000000001,1090.9525,831.2627,833.2942999999999,629.8086999999998,401.699,252.533,840.311,376.246,501.29800000000006,400.093,501.30300000000005,495.0419999999999,471.35599999999994,456.3929999999999,429.57399999999996,437.9219999999999,326.746,270.581,259.017
R4_b7,4,1873.3497,1445.2095,979.0098999999998,967.6067999999999,948.8942999999999,860.8328000000001,625.0747000000001,354.6809999999999,277.5210000000001,797.4179999999999,411.0780000000001,564.8439999999999,407.97299999999996,382.174,485.265,466.28099999999995,424.3380000000001,462.117,424.58000000000004,293.745,259.619,272.16400000000004
R4_b8,4,1583.7863,1184.1752999999999,917.6919,727.4026,749.4421999999998,677.7085,527.1508000000001,321.16,184.805,813.246,444.592,533.3430000000001,469.613,412.24712,458.774,436.59800000000007,404.428,430.276,378.675,302.727,250.14600000000002,237.39499999999998
R4_b9,4,1645.2468000000001,1356.0515,868.1935999999998,741.6674999999999,798.3189,642.148,521.6754,340.538,205.311,850.118,417.05,551.013,497.83299999999997,437.81100000000004,488.74799999999993,444.96899999999994,404.986,427.437,385.385,327.03900000000004,278.338,247.419
R4_b10,4,1796.2100999999998,1478.3102000000003,1135.4167,933.1181999999999,968.9658000000002,753.8190999999999,623.7138000000001,355.96000000000004,233.00519999999997,870.0889999999999,435.1429999999999,577.769,441.8659999999999,437.83900000000006,529.386,427.39799999999997,433.36800000000005,452.706,382.96500000000003,326.377,262.65000000000003,237.998
R4_b11,4,1624.5531,1264.5404999999996,884.5316999999999,763.9562,775.6914,707.3472,586.738,379.31000000000006,196.794,772.9929999999999,367.50699999999995,411.271,404.44199999999995,390.46912000000003,437.129,367.492,405.416,380.35900000000004,387.58500000000004,281.93500000000006,217.66000000000003,224.757
R4_b12,4,1983.0397999999998,1539.6529000000003,1144.6175,1109.4089,898.9384,856.622,618.4375,451.89199999999994,243.82900000000004,864.9010000000001,418.12000000000006,564.869,455.16999999999996,453.63499999999993,532.7099999999998,446.81899999999996,454.253,465.617,417.61400000000003,294.28800000000007,266.017,265.928
R4_b13,4,1569.9569,1397.8139999999999,1037.4622,807.1132,896.5464,632.2971,573.5880999999999,376.05699999999996,189.17950000000002,881.698,409.22299999999996,510.463,502.75199999999995,493.6540000000001,564.1759999999999,446.57000000000005,481.61899999999997,438.46099999999996,398.651,305.91,327.56800000000004,235.12899999999996
R4_b14,4,1787.0964,1554.5328000000002,984.4768000000001,946.4492999999999,911.0572,745.903,631.6555,327.552,261.8072,889.314,391.03499999999997,529.4559999999999,437.059,463.81299999999993,476.54200000000003,441.2129999999999,473.8,423.196,417.16700000000003,288.02700000000004,304.403,218.36699999999996
R4_b15,4,1619.6863,1165.6892,884.0524000000001,817.9480999999998,805.676,759.8214999999998,591.4027,343.293,226.00529999999998,698.9010000000001,358.81800000000004,419.995,400.226,373.172,418.67699999999996,362.95199999999994,375.05899999999997,397.33900000000006,358.649,270.531,225.85100000000003,199.778
R4_b16,4,1613.0032,1285.6975,930.5541999999999,770.9520000000001,772.0249,623.0536000000001,561.8304,349.43199999999996,212.21600000000004,856.3340000000001,370.15199999999993,586.2059999999999,363.659,496.37399999999997,439.5209999999999,426.291,397.75499999999994,422.73400000000004,369.95900000000006,326.247,248.36000000000004,227.442
R4_b17,4,1438.4770000000003,1183.1216,811.9487000000001,811.8851,661.4896,512.7624,495.0576,285.863,164.4192,732.867,345.59200000000004,440.34399999999994,366.372,390.25,464.76899999999995,362.923,354.33,375.05000000000007,347.68300000000005,283.739,237.71300000000005,220.76299999999998
R4_b18,4,1510.7567999999999,1210.8411,853.0024,786.942,688.8254,558.4297999999999,520.1631,304.265,211.14520000000002,744.193,361.21000000000004,500.12600000000003,329.2420000000001,431.09700000000004,414.657,402.681,381.199,395.89500000000004,322.545,283.861,253.35,205.041
R4_b19,4,1956.3335000000002,1671.0683999999997,1116.8988,941.2140999999999,1051.0541,836.7323,630.3588,421.948,225.39000000000004,908.3210000000001,464.23199999999986,639.241,539.256,528.277,549.6690000000001,472.942,508.40299999999996,496.13899999999995,447.35699999999997,354.957,324.35900000000004,288.284
R8_b0,8,1885.3369000000002,1576.1816000000001,1256.0314999999998,1072.1412999999998,978.1536000000002,916.7618999999999,778.5346999999999,353.63199999999995,266.00890000000004,806.4870000000001,445.822,601.233,473.465,527.4419999999999,538.05,505.38,449.18899999999996,529.1129999999999,380.236,339.688,312.68100000000004,259.545
R8_b1,8,1787.0569,1765.455,1271.8254000000002,1008.0354,890.9712999999999,882.1795999999998,729.0922,323.013,273.8972,796.96,462.055,595.9959999999999,470.6170000000001,530.17201,518.6850000000002,537.077,476.64399999999995,506.204,413.616,361.183,323.624,294.14599999999996
R8_b2,8,1989.0704000000005,1800.4599999999998,1320.1236999999999,1026.5214999999998,940.3325000000001,970.4123,726.1333,390.561,263.7604,832.793,470.834,655.5640000000001,483.92699999999996,543.8149999999999,553.5040000000001,536.6360000000001,496.21099999999996,500.73400000000004,450.265,300.483,317.661,295.433
R8_b3,8,2214.4932999999996,1938.81,1580.8393999999998,1310.2593,1217.5233999999998,1066.1172,804.1045000000001,379.121,291.2247,811.043,470.287,631.912,493.08900000000006,483.22701000000006,507.78200000000004,520.873,477.526,508.51099999999997,439.575,322.95199999999994,313.734,291.13699999999994
R8_b4,8,2418.7131999999997,2144.8176000000003,1660.3759999999997,1411.6219,1338.5946,1125.6311,959.0762000000001,426.20199999999994,298.6602,912.3660000000002,493.51099999999997,697.598,511.99000000000007,601.17201,608.2789999999999,578.556,530.0930000000001,556.369,483.361,387.61500000000007,387.462,311.566
R8_b5,8,2136.4136,1725.0589,1260.2689999999998,1082.7341000000001,950.2839,882.5304,688.6464,372.455,267.48889999999994,769.4250000000001,464.51800000000003,591.6899999999999,504.09,560.76,563.048,536.903,478.4309999999999,516.2090000000001,421.02799999999996,313.74899999999997,316.601,274.41299999999995
R8_b6,8,2413.6001,2051.3280000000004,1682.6401,1493.5143,1258.4508,1098.7546,841.4404999999999,451.401,274.93,927.9369999999999,576.798,692.773,528.637,581.08201,588.908,609.151,513.219,593.017,457.212,357.831,359.37600000000003,308.36
R8_b7,8,1915.8737,1624.9635,1237.5194,1111.5531,946.6172,923.8646999999999,753.2904000000001,400.45599999999996,256.29440000000005,807.479,451.3299999999999,599.281,479.91399999999993,494.83000000000004,530.321,519.1070000000001,445.66999999999996,526.729,415.322,327.94200000000006,310.239,278.178
R8_b8,8,2266.3100000000004,1998.9718999999998,1603.4512,1342.3636000000001,1176.5453000000002,1233.2018,958.0195,467.45200000000006,302.9352,931.932,500.61299999999994,718.284,514.818,584.65701,577.0830000000001,579.725,566.859,556.302,451.227,356.46100000000007,353.16700000000003,322.914
R8_b9,8,1746.0937000000001,1578.9907,1199.5741,1021.3826999999998,923.4952000000001,995.1492999999998,741.4339,368.648,224.73420000000002,736.2710000000001,458.79400000000004,615.382,510.49399999999997,527.762,522.188,525.421,501.38,547.37,417.496,306.498,296.307,270.83599999999996
R8_b10,8,2283.7631000000006,1998.0063999999998,1666.4575999999997,1286.5210000000002,1267.1362000000001,1092.6245000000001,880.7377999999999,414.91,311.8129,924.3729999999999,512.754,675.6339999999999,519.0799999999999,579.7990100000001,552.5760000000001,555.5089999999999,478.029,491.12800000000004,455.221,359.521,361.34499999999997,296.632
R8_b11,8,2059.8265,1635.6263000000001,1386.2174000000002,1137.2719000000002,1019.3811999999998,923.2693999999999,758.7746999999999,340.159,210.33470000000003,833.0,477.48499999999996,601.5129999999999,483.82700000000006,514.6780100000001,507.20400000000006,551.031,466.14099999999996,519.1340000000001,374.74,276.773,280.158,263.66999999999996
R8_b12,8,1882.9232999999997,1759.9792000000002,1311.6097,1104.3547999999998,1043.6833000000001,951.9731999999998,746.0251,370.889,222.689,764.1690000000001,442.227,594.954,450.96999999999997,571.473,577.476,543.257,523.217,595.251,462.2389999999999,357.138,348.144,284.53100000000006
R8_b13,8,2111.7503,1755.1479,1369.6189,1150.7836000000002,1048.1521,1042.2886,811.3824000000001,428.4339999999999,310.26610000000005,841.1060000000001,498.94399999999985,658.232,517.632,532.027,555.6980000000001,551.923,504.05100000000004,545.204,449.88700000000006,380.26300000000003,345.72800000000007,300.91499999999996
R8_b14,8,2282.9602999999997,2053.5495,1547.0647,1421.0629000000001,1284.754,1093.9509,894.4372,388.72900000000004,269.355,844.03,453.72400000000005,634.3770000000001,455.5160000000001,599.9270100000001,550.176,557.2209999999999,495.424,519.441,426.517,371.664,351.96400000000006,280.398
R8_b15,8,2160.59,1805.8726000000001,1436.6943999999999,1209.1164,1120.7206,987.3201999999999,772.8408999999999,380.67,269.4831,848.6310000000001,472.218,596.7070000000001,470.51300000000003,542.9739999999999,557.385,540.516,468.4799999999999,497.881,439.6379999999999,347.954,370.217,296.913
R8_b16,8,2330.2369,2193.7453,1706.798,1519.05,1287.4993,1224.5643,930.4936,445.29400000000004,301.2592000000001,984.8470000000001,526.204,719.0530000000001,542.149,608.4050100000001,603.374,600.4069999999999,520.373,543.27,454.422,356.08000000000004,355.28599999999994,319.2
R8_b17,8,1990.2099999999998,1973.9933999999998,1338.3169,1066.6694000000002,1059.7372,916.9414999999999,779.7369000000001,320.43299999999994,270.1272,910.9069999999999,485.241,659.7139999999999,480.30099999999993,666.26,603.745,571.9240000000001,541.1310000000001,569.269,473.31100000000004,402.384,377.024,291.54100000000005
R8_b18,8,2158.3999,2060.3362000000006,1539.7549000000001,1369.7253,1337.4617000000003,1192.6544,840.3019,408.25399999999996,274.3682,840.501,439.60900000000004,657.7520000000001,532.245,623.7059999999999,567.1719999999999,547.608,528.7760000000001,600.2919999999999,487.535,362.79699999999997,356.846,300.50100000000003
R8_b19,8,2267.1503,2119.9967,1584.0794,1355.7633999999998,1209.3223000000003,1195.633,889.4182999999999,460.72700000000003,315.3672,975.3520000000002,554.704,716.551,557.0319999999999,619.5049999999999,621.8840000000001,604.4130000000001,519.105,572.061,484.55099999999993,347.66399999999993,382.537,340.39099999999996
R16_b0,16,2882.3298000000004,2555.727,1646.1645,1740.7777,1440.7035,1487.9566,1103.8118299999999,626.0829999999999,349.8933,1155.968,601.217,862.1869999999999,638.1699999999998,700.9601999999999,628.838,685.646,673.9889999999999,732.4239999999999,632.212,564.72,536.6800000000001,406.69300000000004
R16_b1,16,2859.6069,2498.6240000000003,1749.9285,1676.4500999999996,1566.4146999999998,1478.3346000000001,1172.3454,658.11,379.1033,1153.1509999999998,653.0930000000001,815.9540000000001,620.7439999999999,717.8961999999999,656.793,685.35,669.1,679.02,592.1050000000001,547.4590000000001,507.25100000000003,419.8570000000001
R16_b2,16,2474.7365,2047.7915,1437.4937,1472.4626,1364.1573999999996,1358.9452999999999,1008.4267300000001,507.471,291.177,1076.871,600.116,772.326,564.141,644.0952,616.272,605.156,628.2470000000001,588.3030000000001,523.364,422.02799999999996,401.992,336.294
R16_b3,16,2463.7866000000004,2101.4909,1397.4001,1483.3739,1398.0178,1260.9188,943.0203999999998,484.73900000000003,323.896,1149.9520000000002,572.6510000000001,822.448,564.133,599.9871999999999,633.5139999999999,584.144,638.0889999999999,529.899,533.2520000000001,438.48100000000005,404.609,353.332
R16_b4,16,3129.0765,2415.749,1815.4245999999998,1802.1956000000002,1603.7404000000001,1594.084,1200.1893,650.767,357.943,1219.909,630.7940000000001,865.8799999999999,649.4999999999999,706.927,730.807,703.742,746.5690000000001,727.9849999999999,673.4979999999999,523.0600000000001,456.03399999999993,376.0
R16_b5,16,2424.3901,2184.5517,1441.1641,1394.6632,1377.1055000000001,1361.0161,1022.2045,523.549,337.94829999999996,1076.673,563.2359999999999,742.3030000000001,562.7729999999999,579.3402,675.048,612.303,613.5020000000001,593.467,541.4729999999998,435.187,405.964,342.279
R16_b6,16,2628.8866,2186.1471,1392.4414000000002,1450.1510000000003,1471.0085,1269.9635,1038.4803,546.592,347.11499999999995,1161.913,558.15,777.6479999999999,546.2819999999999,631.3639999999999,636.6659999999999,620.1380000000001,637.5849999999999,594.5939999999999,582.7289999999999,527.268,435.00200000000007,402.417
R16_b7,16,2398.0863,2113.145,1371.6906999999999,1393.6093,1320.6820000000002,1291.5772000000002,927.2917,465.81499999999994,302.879,1035.01,550.9329999999999,822.3889999999999,519.4470000000001,661.2679999999999,641.557,585.095,579.5269999999999,623.797,562.219,439.965,375.35,354.909
R16_b8,16,2616.7198,2381.5124,1679.1977,1753.0197,1460.2612999999997,1505.0918,1098.1091000000001,543.037,312.76329999999996,1095.791,604.8480000000001,828.519,605.7810000000001,702.0400000000001,586.055,601.557,635.8060000000002,666.546,551.699,473.46899999999994,442.01099999999997,371.662
R16_b9,16,2740.6566,2441.0690999999997,1726.0025,1901.185,1552.8063,1480.034,1230.4512300000001,688.198,316.00899999999996,1331.565,643.7,932.8740000000001,647.682,614.5690000000001,740.1810000000002,715.126,672.9820000000001,664.281,598.2790000000001,478.82,535.948,405.6719999999999
R16_b10,16,2771.0533,2232.6856,1594.4458,1497.6335000000004,1486.3565,1379.9476,1039.7841999999998,569.585,337.80199999999996,1064.8000000000002,592.371,752.366,588.863,565.5622000000001,666.6610000000001,665.7230000000001,632.828,618.2729999999999,591.9889999999999,493.793,482.12,368.844
R16_b11,16,2319.1668,2253.1259999999997,1550.5277,1656.5629000000001,1505.3685999999998,1396.7126,1077.0924,586.1859999999999,316.919,1214.229,608.4369999999999,860.984,543.9100000000001,663.228,713.819,638.6690000000001,609.696,626.8230000000001,555.007,422.666,420.94699999999995,382.959
R16_b12,16,2797.3998,2495.3854,1762.7673,1721.6496,1513.5679,1462.9036,1078.8455999999999,677.0039999999999,366.54100000000005,1150.093,608.0260000000001,824.5080000000002,644.1419999999999,560.0290000000001,680.856,682.7,655.869,620.4079999999999,668.019,539.1619999999999,554.0550000000001,410.86199999999997
R16_b13,16,3222.2400000000002,2556.7812000000004,1831.8686999999998,1800.9131999999997,1580.5079,1603.3949,1155.9067,644.8779999999999,364.092,1226.782,655.913,968.2209999999999,650.3039999999999,758.4280000000001,715.8080000000001,740.338,745.0200000000001,714.789,730.529,558.9560000000001,482.282,399.346
R16_b14,16,2667.8698999999997,2367.5009,1541.8231,1531.3944000000001,1494.1949,1409.9578,1060.8723,632.062,348.2473,1214.3920000000003,595.629,841.483,634.164,667.4939999999999,713.345,687.2029999999999,683.847,650.3599999999999,674.5400000000001,508.7009999999999,466.875,370.22700000000003
R16_b15,16,2485.1668999999997,2206.4953,1498.5203,1568.207,1391.8317000000002,1452.3258,1082.7344,585.99,345.338,1165.1770000000001,601.8149999999999,845.4029999999999,606.4730000000002,670.4859999999999,707.582,705.5500000000001,611.28,694.57,584.732,540.553,440.747,413.446
R16_b16,16,2708.9466,2259.3596,1613.3181,1465.9711,1397.2552,1420.1019000000001,1041.1471999999999,562.5659999999999,338.04499999999996,1113.583,599.933,906.985,570.3059999999999,660.8722,669.674,716.6800000000001,645.2379999999998,675.0959999999999,610.432,533.779,493.684,388.315
R16_b17,16,2508.5200000000004,2329.1002,1570.6725999999999,1514.3234000000004,1469.2969,1417.0891,1069.0359,591.625,331.50600000000003,1203.726,625.817,833.242,648.407,594.1272,674.0160000000001,706.6959999999999,684.249,610.3799999999999,614.066,540.536,543.098,396.974
R16_b18,16,2647.0633,2242.4673,1532.3844999999997,1538.6493000000003,1552.3123,1410.6403999999998,1111.6285999999998,620.8759999999999,364.168,1266.8849999999998,644.6119999999999,865.8550000000001,625.994,623.2740000000001,705.1230000000002,723.268,732.544,609.789,677.488,529.403,491.4839999999999,387.3949999999999
R16_b19,16,2859.8736,2269.425,1681.0022999999997,1605.4505000000001,1568.9805999999999,1507.7508,1158.1758999999997,597.311,371.439,1315.2310000000002,707.8790000000001,919.417,644.8569999999999,765.713,723.917,747.5050000000001,700.802,684.865,669.357,520.807,466.678,399.889
